<?xml version="1.0"?>
<!DOCTYPE new1 SYSTEM "new1.dtd">
<Library>
   <Book>
      <BookId>
	  <Title>解忧杂货店</Title>
	  <Author>东野圭吾</Author>
	  <Price>RMB 20</Price>
	  <Publisher>人民出版社</Publisher>
	  </BookId>
   </Book>
   <Member>
      <Name>
	  <FirstName>A</FirstName>
	  <MiddleName>D</MiddleName>
	  <LastName>Y</LastName>
	  </Name>
	  <Address>
	  <HouseNumber>12</HouseNumber>
	  <Street>33</Street>
	  <City>Hong Kong</City>
	  </Address>
   
   </Member>
</Library>